--
-- Script was generated by Devart dbForge Studio for MySQL, Version 7.2.58.0
-- Product home page: http://www.devart.com/dbforge/mysql/studio
-- Script date 2/10/2018 9:42:45 AM
-- Server version: 5.5.5-10.1.26-MariaDB
-- Client version: 4.1
--


-- 
-- Disable foreign keys
-- 
/*!40014 SET @OLD_FOREIGN_KEY_CHECKS=@@FOREIGN_KEY_CHECKS, FOREIGN_KEY_CHECKS=0 */;

-- 
-- Set SQL mode
-- 
/*!40101 SET @OLD_SQL_MODE=@@SQL_MODE, SQL_MODE='NO_AUTO_VALUE_ON_ZERO' */;

-- 
-- Set default database
--
USE framework;

--
-- Definition for table blog_categories
--
DROP TABLE IF EXISTS blog_categories;
CREATE TABLE blog_categories (
  id INT(10) UNSIGNED NOT NULL AUTO_INCREMENT,
  name VARCHAR(255) NOT NULL,
  slug VARCHAR(255) NOT NULL,
  status TINYINT(1) NOT NULL DEFAULT 1,
  created_at TIMESTAMP NULL DEFAULT NULL,
  updated_at TIMESTAMP NULL DEFAULT NULL,
  PRIMARY KEY (id),
  UNIQUE INDEX blog_categories_name_unique (name),
  UNIQUE INDEX blog_categories_slug_unique (slug)
)
ENGINE = INNODB
AUTO_INCREMENT = 2
AVG_ROW_LENGTH = 16384
CHARACTER SET utf8
COLLATE utf8_unicode_ci;

--
-- Definition for table blog_tags
--
DROP TABLE IF EXISTS blog_tags;
CREATE TABLE blog_tags (
  id INT(10) UNSIGNED NOT NULL AUTO_INCREMENT,
  name VARCHAR(255) NOT NULL,
  slug VARCHAR(255) NOT NULL,
  status TINYINT(1) NOT NULL DEFAULT 1,
  created_at TIMESTAMP NULL DEFAULT NULL,
  updated_at TIMESTAMP NULL DEFAULT NULL,
  PRIMARY KEY (id),
  UNIQUE INDEX blog_tags_name_unique (name),
  UNIQUE INDEX blog_tags_slug_unique (slug)
)
ENGINE = INNODB
AUTO_INCREMENT = 2
AVG_ROW_LENGTH = 16384
CHARACTER SET utf8
COLLATE utf8_unicode_ci;

--
-- Definition for table config_groups
--
DROP TABLE IF EXISTS config_groups;
CREATE TABLE config_groups (
  id INT(10) UNSIGNED NOT NULL AUTO_INCREMENT,
  name VARCHAR(255) NOT NULL,
  description VARCHAR(255) DEFAULT NULL,
  page_name VARCHAR(255) DEFAULT NULL,
  created_at TIMESTAMP NULL DEFAULT NULL,
  updated_at TIMESTAMP NULL DEFAULT NULL,
  PRIMARY KEY (id),
  UNIQUE INDEX config_groups_name_unique (name),
  UNIQUE INDEX config_groups_page_name_unique (page_name)
)
ENGINE = INNODB
AUTO_INCREMENT = 6
AVG_ROW_LENGTH = 3276
CHARACTER SET utf8
COLLATE utf8_unicode_ci;

--
-- Definition for table config_types
--
DROP TABLE IF EXISTS config_types;
CREATE TABLE config_types (
  id INT(10) UNSIGNED NOT NULL AUTO_INCREMENT,
  name VARCHAR(255) NOT NULL,
  created_at TIMESTAMP NULL DEFAULT NULL,
  updated_at TIMESTAMP NULL DEFAULT NULL,
  PRIMARY KEY (id),
  UNIQUE INDEX config_types_name_unique (name)
)
ENGINE = INNODB
AUTO_INCREMENT = 8
AVG_ROW_LENGTH = 2340
CHARACTER SET utf8
COLLATE utf8_unicode_ci;

--
-- Definition for table contact_requests
--
DROP TABLE IF EXISTS contact_requests;
CREATE TABLE contact_requests (
  id INT(10) UNSIGNED NOT NULL AUTO_INCREMENT,
  name VARCHAR(255) DEFAULT NULL,
  email VARCHAR(255) DEFAULT NULL,
  phone VARCHAR(255) DEFAULT NULL,
  comment TEXT DEFAULT NULL,
  created_at TIMESTAMP NULL DEFAULT NULL,
  updated_at TIMESTAMP NULL DEFAULT NULL,
  PRIMARY KEY (id)
)
ENGINE = INNODB
AUTO_INCREMENT = 1
CHARACTER SET utf8
COLLATE utf8_unicode_ci;

--
-- Definition for table emails_drafts
--
DROP TABLE IF EXISTS emails_drafts;
CREATE TABLE emails_drafts (
  id INT(10) UNSIGNED NOT NULL AUTO_INCREMENT,
  secure_id VARCHAR(255) NOT NULL,
  send_to TEXT DEFAULT NULL,
  subject VARCHAR(255) DEFAULT NULL,
  html TEXT DEFAULT NULL,
  plain_text TEXT DEFAULT NULL,
  created_at TIMESTAMP NULL DEFAULT NULL,
  updated_at TIMESTAMP NULL DEFAULT NULL,
  PRIMARY KEY (id)
)
ENGINE = INNODB
AUTO_INCREMENT = 1
CHARACTER SET utf8
COLLATE utf8_unicode_ci;

--
-- Definition for table emails_templates
--
DROP TABLE IF EXISTS emails_templates;
CREATE TABLE emails_templates (
  id INT(10) UNSIGNED NOT NULL AUTO_INCREMENT,
  name VARCHAR(255) DEFAULT NULL,
  slug VARCHAR(255) DEFAULT NULL,
  description VARCHAR(255) DEFAULT NULL,
  subject VARCHAR(255) DEFAULT NULL,
  html TEXT DEFAULT NULL,
  plain_text TEXT DEFAULT NULL,
  placeholders TEXT DEFAULT NULL,
  created_at TIMESTAMP NULL DEFAULT NULL,
  updated_at TIMESTAMP NULL DEFAULT NULL,
  PRIMARY KEY (id),
  UNIQUE INDEX emails_templates_slug_unique (slug)
)
ENGINE = INNODB
AUTO_INCREMENT = 5
AVG_ROW_LENGTH = 4096
CHARACTER SET utf8
COLLATE utf8_unicode_ci;

--
-- Definition for table phinxlog
--
DROP TABLE IF EXISTS phinxlog;
CREATE TABLE phinxlog (
  version BIGINT(20) NOT NULL,
  migration_name VARCHAR(100) DEFAULT NULL,
  start_time TIMESTAMP NULL DEFAULT NULL,
  end_time TIMESTAMP NULL DEFAULT NULL,
  breakpoint TINYINT(1) NOT NULL DEFAULT 0,
  PRIMARY KEY (version)
)
ENGINE = INNODB
AVG_ROW_LENGTH = 16384
CHARACTER SET utf8
COLLATE utf8_unicode_ci;

--
-- Definition for table roles
--
DROP TABLE IF EXISTS roles;
CREATE TABLE roles (
  id INT(10) UNSIGNED NOT NULL AUTO_INCREMENT,
  slug VARCHAR(255) NOT NULL,
  name VARCHAR(255) NOT NULL,
  permissions TEXT NOT NULL,
  status TINYINT(1) NOT NULL DEFAULT 1,
  created_at TIMESTAMP NULL DEFAULT NULL,
  updated_at TIMESTAMP NULL DEFAULT NULL,
  PRIMARY KEY (id),
  UNIQUE INDEX roles_slug_unique (slug)
)
ENGINE = INNODB
AUTO_INCREMENT = 7
AVG_ROW_LENGTH = 2730
CHARACTER SET utf8
COLLATE utf8_unicode_ci;

--
-- Definition for table users
--
DROP TABLE IF EXISTS users;
CREATE TABLE users (
  id INT(10) UNSIGNED NOT NULL AUTO_INCREMENT,
  email VARCHAR(255) NOT NULL,
  username VARCHAR(255) NOT NULL,
  password VARCHAR(255) NOT NULL,
  last_name VARCHAR(255) DEFAULT NULL,
  first_name VARCHAR(255) DEFAULT NULL,
  permissions TEXT NOT NULL,
  status TINYINT(1) NOT NULL DEFAULT 1,
  last_login TIMESTAMP NULL DEFAULT NULL,
  created_at TIMESTAMP NULL DEFAULT NULL,
  updated_at TIMESTAMP NULL DEFAULT NULL,
  PRIMARY KEY (id),
  UNIQUE INDEX users_email_unique (email),
  UNIQUE INDEX users_username_unique (username)
)
ENGINE = INNODB
AUTO_INCREMENT = 2
AVG_ROW_LENGTH = 16384
CHARACTER SET utf8
COLLATE utf8_unicode_ci;

--
-- Definition for table activations
--
DROP TABLE IF EXISTS activations;
CREATE TABLE activations (
  id INT(10) UNSIGNED NOT NULL AUTO_INCREMENT,
  user_id INT(10) UNSIGNED DEFAULT NULL,
  code VARCHAR(255) NOT NULL,
  completed TINYINT(1) NOT NULL DEFAULT 0,
  completed_at TIMESTAMP NULL DEFAULT NULL,
  created_at TIMESTAMP NULL DEFAULT NULL,
  updated_at TIMESTAMP NULL DEFAULT NULL,
  PRIMARY KEY (id),
  CONSTRAINT activations_user_id_foreign FOREIGN KEY (user_id)
    REFERENCES users(id) ON DELETE SET NULL ON UPDATE RESTRICT
)
ENGINE = INNODB
AUTO_INCREMENT = 2
AVG_ROW_LENGTH = 16384
CHARACTER SET utf8
COLLATE utf8_unicode_ci;

--
-- Definition for table blog_posts
--
DROP TABLE IF EXISTS blog_posts;
CREATE TABLE blog_posts (
  id INT(10) UNSIGNED NOT NULL AUTO_INCREMENT,
  user_id INT(10) UNSIGNED DEFAULT NULL,
  category_id INT(10) UNSIGNED DEFAULT NULL,
  title VARCHAR(255) DEFAULT NULL,
  description VARCHAR(255) DEFAULT NULL,
  slug VARCHAR(255) NOT NULL,
  content TEXT DEFAULT NULL,
  featured_image VARCHAR(255) DEFAULT NULL,
  video_provider VARCHAR(255) DEFAULT NULL,
  video_id VARCHAR(255) DEFAULT NULL,
  publish_at TIMESTAMP NULL DEFAULT NULL,
  status TINYINT(1) NOT NULL DEFAULT 1,
  created_at TIMESTAMP NULL DEFAULT NULL,
  updated_at TIMESTAMP NULL DEFAULT NULL,
  PRIMARY KEY (id),
  UNIQUE INDEX blog_posts_slug_unique (slug),
  CONSTRAINT blog_posts_category_id_foreign FOREIGN KEY (category_id)
    REFERENCES blog_categories(id) ON DELETE SET NULL ON UPDATE RESTRICT,
  CONSTRAINT blog_posts_user_id_foreign FOREIGN KEY (user_id)
    REFERENCES users(id) ON DELETE SET NULL ON UPDATE RESTRICT
)
ENGINE = INNODB
AUTO_INCREMENT = 4
AVG_ROW_LENGTH = 5461
CHARACTER SET utf8
COLLATE utf8_unicode_ci;

--
-- Definition for table config
--
DROP TABLE IF EXISTS config;
CREATE TABLE config (
  id INT(10) UNSIGNED NOT NULL AUTO_INCREMENT,
  group_id INT(10) UNSIGNED DEFAULT NULL,
  type_id INT(10) UNSIGNED DEFAULT NULL,
  name VARCHAR(255) NOT NULL,
  description VARCHAR(255) DEFAULT NULL,
  value TEXT DEFAULT NULL,
  created_at TIMESTAMP NULL DEFAULT NULL,
  updated_at TIMESTAMP NULL DEFAULT NULL,
  PRIMARY KEY (id),
  UNIQUE INDEX config_name_unique (name),
  CONSTRAINT config_group_id_foreign FOREIGN KEY (group_id)
    REFERENCES config_groups(id) ON DELETE SET NULL ON UPDATE RESTRICT,
  CONSTRAINT config_type_id_foreign FOREIGN KEY (type_id)
    REFERENCES config_types(id) ON DELETE SET NULL ON UPDATE RESTRICT
)
ENGINE = INNODB
AUTO_INCREMENT = 32
AVG_ROW_LENGTH = 528
CHARACTER SET utf8
COLLATE utf8_unicode_ci;

--
-- Definition for table emails
--
DROP TABLE IF EXISTS emails;
CREATE TABLE emails (
  id INT(10) UNSIGNED NOT NULL AUTO_INCREMENT,
  secure_id VARCHAR(255) NOT NULL,
  template_id INT(10) UNSIGNED DEFAULT NULL,
  send_to TEXT DEFAULT NULL,
  subject VARCHAR(255) DEFAULT NULL,
  html TEXT DEFAULT NULL,
  plain_text TEXT DEFAULT NULL,
  created_at TIMESTAMP NULL DEFAULT NULL,
  updated_at TIMESTAMP NULL DEFAULT NULL,
  PRIMARY KEY (id),
  CONSTRAINT emails_template_id_foreign FOREIGN KEY (template_id)
    REFERENCES emails_templates(id) ON DELETE SET NULL ON UPDATE RESTRICT
)
ENGINE = INNODB
AUTO_INCREMENT = 1
CHARACTER SET utf8
COLLATE utf8_unicode_ci;

--
-- Definition for table persistences
--
DROP TABLE IF EXISTS persistences;
CREATE TABLE persistences (
  id INT(10) UNSIGNED NOT NULL AUTO_INCREMENT,
  user_id INT(10) UNSIGNED DEFAULT NULL,
  code VARCHAR(255) NOT NULL,
  created_at TIMESTAMP NULL DEFAULT NULL,
  updated_at TIMESTAMP NULL DEFAULT NULL,
  PRIMARY KEY (id),
  UNIQUE INDEX persistences_code_unique (code),
  CONSTRAINT persistences_user_id_foreign FOREIGN KEY (user_id)
    REFERENCES users(id) ON DELETE SET NULL ON UPDATE RESTRICT
)
ENGINE = INNODB
AUTO_INCREMENT = 1
CHARACTER SET utf8
COLLATE utf8_unicode_ci;

--
-- Definition for table reminders
--
DROP TABLE IF EXISTS reminders;
CREATE TABLE reminders (
  id INT(10) UNSIGNED NOT NULL AUTO_INCREMENT,
  user_id INT(10) UNSIGNED DEFAULT NULL,
  code VARCHAR(255) NOT NULL,
  completed TINYINT(1) NOT NULL DEFAULT 0,
  completed_at TIMESTAMP NULL DEFAULT NULL,
  created_at TIMESTAMP NULL DEFAULT NULL,
  updated_at TIMESTAMP NULL DEFAULT NULL,
  PRIMARY KEY (id),
  CONSTRAINT reminders_user_id_foreign FOREIGN KEY (user_id)
    REFERENCES users(id) ON DELETE SET NULL ON UPDATE RESTRICT
)
ENGINE = INNODB
AUTO_INCREMENT = 1
CHARACTER SET utf8
COLLATE utf8_unicode_ci;

--
-- Definition for table role_users
--
DROP TABLE IF EXISTS role_users;
CREATE TABLE role_users (
  user_id INT(10) UNSIGNED NOT NULL,
  role_id INT(10) UNSIGNED NOT NULL,
  created_at TIMESTAMP NULL DEFAULT NULL,
  updated_at TIMESTAMP NULL DEFAULT NULL,
  PRIMARY KEY (user_id, role_id),
  CONSTRAINT role_users_role_id_foreign FOREIGN KEY (role_id)
    REFERENCES roles(id) ON DELETE CASCADE ON UPDATE RESTRICT,
  CONSTRAINT role_users_user_id_foreign FOREIGN KEY (user_id)
    REFERENCES users(id) ON DELETE CASCADE ON UPDATE RESTRICT
)
ENGINE = INNODB
AVG_ROW_LENGTH = 8192
CHARACTER SET utf8
COLLATE utf8_unicode_ci;

--
-- Definition for table throttle
--
DROP TABLE IF EXISTS throttle;
CREATE TABLE throttle (
  id INT(10) UNSIGNED NOT NULL AUTO_INCREMENT,
  user_id INT(10) UNSIGNED DEFAULT NULL,
  type VARCHAR(255) NOT NULL,
  ip VARCHAR(255) DEFAULT NULL,
  created_at TIMESTAMP NULL DEFAULT NULL,
  updated_at TIMESTAMP NULL DEFAULT NULL,
  PRIMARY KEY (id),
  CONSTRAINT throttle_user_id_foreign FOREIGN KEY (user_id)
    REFERENCES users(id) ON DELETE SET NULL ON UPDATE RESTRICT
)
ENGINE = INNODB
AUTO_INCREMENT = 1
CHARACTER SET utf8
COLLATE utf8_unicode_ci;

--
-- Definition for table users_profile
--
DROP TABLE IF EXISTS users_profile;
CREATE TABLE users_profile (
  id INT(10) UNSIGNED NOT NULL AUTO_INCREMENT,
  user_id INT(10) UNSIGNED NOT NULL,
  about TEXT NOT NULL,
  created_at TIMESTAMP NULL DEFAULT NULL,
  updated_at TIMESTAMP NULL DEFAULT NULL,
  PRIMARY KEY (id),
  CONSTRAINT users_profile_user_id_foreign FOREIGN KEY (user_id)
    REFERENCES users(id) ON DELETE CASCADE ON UPDATE RESTRICT
)
ENGINE = INNODB
AUTO_INCREMENT = 2
AVG_ROW_LENGTH = 16384
CHARACTER SET utf8
COLLATE utf8_unicode_ci;

--
-- Definition for table blog_posts_comments
--
DROP TABLE IF EXISTS blog_posts_comments;
CREATE TABLE blog_posts_comments (
  id INT(10) UNSIGNED NOT NULL AUTO_INCREMENT,
  user_id INT(10) UNSIGNED NOT NULL,
  post_id INT(10) UNSIGNED NOT NULL,
  comment TEXT NOT NULL,
  status TINYINT(1) NOT NULL DEFAULT 0,
  created_at TIMESTAMP NULL DEFAULT NULL,
  updated_at TIMESTAMP NULL DEFAULT NULL,
  PRIMARY KEY (id),
  CONSTRAINT blog_posts_comments_post_id_foreign FOREIGN KEY (post_id)
    REFERENCES blog_posts(id) ON DELETE CASCADE ON UPDATE RESTRICT,
  CONSTRAINT blog_posts_comments_user_id_foreign FOREIGN KEY (user_id)
    REFERENCES users(id) ON DELETE CASCADE ON UPDATE RESTRICT
)
ENGINE = INNODB
AUTO_INCREMENT = 3
AVG_ROW_LENGTH = 8192
CHARACTER SET utf8
COLLATE utf8_unicode_ci;

--
-- Definition for table blog_posts_tags
--
DROP TABLE IF EXISTS blog_posts_tags;
CREATE TABLE blog_posts_tags (
  post_id INT(10) UNSIGNED NOT NULL,
  tag_id INT(10) UNSIGNED NOT NULL,
  created_at TIMESTAMP NULL DEFAULT NULL,
  updated_at TIMESTAMP NULL DEFAULT NULL,
  PRIMARY KEY (post_id, tag_id),
  CONSTRAINT blog_posts_tags_post_id_foreign FOREIGN KEY (post_id)
    REFERENCES blog_posts(id) ON DELETE CASCADE ON UPDATE RESTRICT,
  CONSTRAINT blog_posts_tags_tag_id_foreign FOREIGN KEY (tag_id)
    REFERENCES blog_tags(id) ON DELETE CASCADE ON UPDATE RESTRICT
)
ENGINE = INNODB
AVG_ROW_LENGTH = 5461
CHARACTER SET utf8
COLLATE utf8_unicode_ci;

--
-- Definition for table blog_posts_replies
--
DROP TABLE IF EXISTS blog_posts_replies;
CREATE TABLE blog_posts_replies (
  id INT(10) UNSIGNED NOT NULL AUTO_INCREMENT,
  user_id INT(10) UNSIGNED NOT NULL,
  comment_id INT(10) UNSIGNED NOT NULL,
  reply TEXT NOT NULL,
  status TINYINT(1) NOT NULL DEFAULT 0,
  created_at TIMESTAMP NULL DEFAULT NULL,
  updated_at TIMESTAMP NULL DEFAULT NULL,
  PRIMARY KEY (id),
  CONSTRAINT blog_posts_replies_comment_id_foreign FOREIGN KEY (comment_id)
    REFERENCES blog_posts_comments(id) ON DELETE CASCADE ON UPDATE RESTRICT,
  CONSTRAINT blog_posts_replies_user_id_foreign FOREIGN KEY (user_id)
    REFERENCES users(id) ON DELETE CASCADE ON UPDATE RESTRICT
)
ENGINE = INNODB
AUTO_INCREMENT = 3
AVG_ROW_LENGTH = 8192
CHARACTER SET utf8
COLLATE utf8_unicode_ci;

-- 
-- Dumping data for table blog_categories
--
INSERT INTO blog_categories VALUES
(1, 'Uncategorized', 'uncategorized', 1, '2018-02-10 10:39:06', '2018-02-10 10:39:06');

-- 
-- Dumping data for table blog_tags
--
INSERT INTO blog_tags VALUES
(1, 'Sample', 'sample', 1, '2018-02-10 10:39:06', '2018-02-10 10:39:06');

-- 
-- Dumping data for table config_groups
--
INSERT INTO config_groups VALUES
(1, 'Site Settings', NULL, NULL, '2018-02-10 10:39:02', '2018-02-10 10:39:02'),
(2, 'Dashboard Settings', NULL, NULL, '2018-02-10 10:39:02', '2018-02-10 10:39:02'),
(3, 'Contact', 'Contact Page Config', 'contact', '2018-02-10 10:39:02', '2018-02-10 10:39:02'),
(4, 'Home', 'Home Page Config', 'home', '2018-02-10 10:39:02', '2018-02-10 10:39:02'),
(5, 'Blog', 'Blog Settings', NULL, '2018-02-10 10:39:06', '2018-02-10 10:39:06');

-- 
-- Dumping data for table config_types
--
INSERT INTO config_types VALUES
(1, 'timezone', '2018-02-10 10:39:02', '2018-02-10 10:39:02'),
(2, 'string', '2018-02-10 10:39:02', '2018-02-10 10:39:02'),
(3, 'theme', '2018-02-10 10:39:02', '2018-02-10 10:39:02'),
(4, 'bootswatch', '2018-02-10 10:39:02', '2018-02-10 10:39:02'),
(5, 'image', '2018-02-10 10:39:02', '2018-02-10 10:39:02'),
(6, 'boolean', '2018-02-10 10:39:02', '2018-02-10 10:39:02'),
(7, 'html', '2018-02-10 10:39:02', '2018-02-10 10:39:02');

-- 
-- Dumping data for table contact_requests
--

-- Table framework.contact_requests does not contain any data (it is empty)

-- 
-- Dumping data for table emails_drafts
--

-- Table framework.emails_drafts does not contain any data (it is empty)

-- 
-- Dumping data for table emails_templates
--
INSERT INTO emails_templates VALUES
(1, 'Password Reset', 'password-reset', 'Password reset email to user', 'Password Reset Request from {{  settings_site_name  }}', '<h1>{{ settings_site_name }}</h1>\r\n\r\n<p>Hello&nbsp;{{ user_first_name }},</p>\r\n\r\n<p>You are receiving this email because you recently requested a password reset. &nbsp;</p>\r\n\r\n<h3><a href="{{ reset_url }}">Reset Password Now</a></h3>\r\n\r\n<p>If you did not request this reset, then please disregard this email.</p>\r\n\r\n<p>Thank You,</p>\r\n\r\n<p>{{ settings_site_name }}</p>\r\n\r\n', 'Hello {{ user_first_name }},\r\n\r\nYou are receiving this email because you recently requested a password reset.  To continue resetting your password, please click the following link:\r\n\r\n{{ reset_url }}\r\n\r\nIf you did not request this reset, then please disregard this email.\r\n\r\nThank You,\r\n\r\n{{ settings_site_name }}', '["reset_url"]', '2018-02-10 10:39:03', '2018-02-10 10:39:03'),
(2, 'Registration Complete', 'registration', 'Registration Complete Email', 'Welcome to {{  settings_site_name  }}, {{  user_first_name  }}!', '<h1>{{ settings_site_name }}</h1>\r\n\r\n<p>Hello&nbsp;{{ user_first_name }},</p>\r\n\r\n<p>Welcome to &nbsp;{{ settings_site_name }}. &nbsp;Here are your login details:</p>\r\n\r\n<p>Username:&nbsp;{{ user_username }}<br />\r\nPassword: Chosen at Registration</p>\r\n\r\n<h3><a href="https://{{ settings_domain }}">Visit&nbsp;{{ settings_site_name }}</a></h3>\r\n\r\n<p>Thank You,</p>\r\n\r\n<p>{{ settings_site_name }}</p>', 'Hello {{ user_first_name }},\r\n\r\nWelcome to {{  settings_site_name  }}.  Here are your login details:\r\n\r\nUsername: {{  user_username  }}\r\nPassword: Chosen at Registration\r\n\r\nVisit https://{{  settings_domain  }}\r\n\r\nThank You,\r\n\r\n{{ settings_site_name }}', NULL, '2018-02-10 10:39:03', '2018-02-10 10:39:03'),
(3, 'Activation Email', 'activation', 'Account Activation Email', 'Activate Your {{  settings_site_name  }} Account', '<h1>{{ settings_site_name }}</h1>\r\n\r\n<p>Hello&nbsp;{{ user_first_name }},</p>\r\n\r\n<p>Thank you for creating your account. &nbsp;In order to ensure the best possible experience, we require that you verify your email address before you can begin using your account. &nbsp;To do so, simply click the following link and you will be immediately logged in to your account.</p>\r\n\r\n<h3><a href="{{ confirm_url }}">Confirm Email Now</a></h3>\r\n\r\n<p>Thank You,</p>\r\n\r\n<p>{{ settings_site_name }} Team</p>', '{{ settings_site_name }}\r\n\r\nHello {{  user_first_name  }},\r\n\r\nThank you for creating your account.  In order to ensure the best possible experience, we require that you verify your email address before you can begin using your account.  To do so, simply click the following link and you will be immediately logged in to your account.\r\n\r\n{{ confirm_url }}\r\n\r\nThank You,\r\n\r\n{{ settings_site_name }} Team', '["confirm_url"]', '2018-02-10 10:39:03', '2018-02-10 10:39:03'),
(4, 'User Contact Confirmation', 'contact-confirmation', 'Contact confirmation sent to the user', 'Contact Confirmation from {{  settings_site_name  }}', '<h1>{{ settings_site_name }}</h1>\r\n\r\n<p>Hello {{ name }},</p>\r\n\r\n<p>We have received your contact request and if it requires a reply, we will be in touch with you soon. &nbsp;here is the information that you submitted:</p>\r\n\r\n<p><strong>Phone:</strong>&nbsp;{{ phone }}<br />\r\n<strong>Comment:</strong>&nbsp;{{ comment }}</p>\r\n\r\n<h3><a href="https://{{ settings_domain }}">Visit {{ settings_site_name }}</a></h3>\r\n\r\n<p>Thank You,</p>\r\n\r\n<p>{{ settings_site_name }} Team</p>', '{{ settings_site_name }}\r\n\r\nHello {{ name }},\r\n\r\nWe have received your contact request and if it requires a reply, we will be in touch with you soon. Here is the information that you submitted:\r\n\r\nName: {{ name }}\r\nPhone: {{ phone }}\r\nComment: {{ comment }}\r\n\r\nVisit https://{{  settings_domain  }}\r\n\r\nThank You,\r\n\r\n{{ settings_site_name }} Team', '["name","phone","comment"]', '2018-02-10 10:39:03', '2018-02-10 10:39:03');

-- 
-- Dumping data for table phinxlog
--
INSERT INTO phinxlog VALUES
(20170118012924, 'InitDatabase', '2018-02-10 18:38:59', '2018-02-10 18:39:06', 0);

-- 
-- Dumping data for table roles
--
INSERT INTO roles VALUES
(1, 'admin', 'Admin', '{"user.*":true,"email.*":true,"settings.*":true,"role.*":true,"permission.*":true,"media.*":true,"blog.*":true,"blog_tags.*":true,"blog_categories.*":true,"dashboard.*":true,"contact.*":true}', 1, '2018-02-10 10:39:02', '2018-02-10 10:39:02'),
(2, 'developer', 'Developer', '{"developer.*":true}', 1, '2018-02-10 10:39:02', '2018-02-10 10:39:02'),
(3, 'manager', 'Manager', '{"user.*":true,"user.delete":false,"role.*":true,"role.delete":false,"contact.*":true,"permission.*":true,"permission.delete":false,"media.*":true,"media.delete":false,"blog.*":true,"blog.delete":false,"blog_tags.*":true,"blog_tags.delete":false,"blog_categories.*":true,"blog_categories.delete":false,"dashboard.*":true}', 1, '2018-02-10 10:39:02', '2018-02-10 10:39:02'),
(4, 'contributor', 'Contributor', '{"dashboard.view":true,"blog.*":true,"blog_categories.view":true,"blog_categories.create":true,"blog_tags.view":true,"blog_tags.create":true,"user.account":true}', 1, '2018-02-10 10:39:02', '2018-02-10 10:39:02'),
(5, 'user', 'User', '{"user.account":true}', 1, '2018-02-10 10:39:02', '2018-02-10 10:39:02'),
(6, 'auditor', 'Auditor', '{"user.view":true,"user.account":true,"settings.view":true,"role.view":true,"permission.view":true,"blog.view":true,"dashboard.view":true,"contact.view":true}', 1, '2018-02-10 10:39:02', '2018-02-10 10:39:02');

-- 
-- Dumping data for table users
--
INSERT INTO users VALUES
(1, 'admin@example.com', 'admin', '$2y$10$tPyKXyPHS1Wy6LWpXOjF4eh.Aqx89fvmDJJHUIJ99MEJAyXVtfU9K', 'User', 'Admin', '', 1, NULL, '2018-02-10 10:39:02', '2018-02-10 10:39:02');

-- 
-- Dumping data for table activations
--
INSERT INTO activations VALUES
(1, 1, 'czYgHMcaDFtr2DI8W1cm5M983tKWwU3o', 1, '2018-02-10 10:39:02', '2018-02-10 10:39:02', '2018-02-10 10:39:02');

-- 
-- Dumping data for table blog_posts
--
INSERT INTO blog_posts VALUES
(1, 1, 1, 'Sample Post - No Featured Media', 'Sample Post - No Featured Media', 'sample-post-no-featured-media', '<div class=\\"anyipsum-output\\"><p>Bacon ipsum dolor amet shoulder sausage porchetta frankfurter venison meatloaf kielbasa ham hock. Tail kielbasa bresaola pig pork loin, salami turkey shank cupim fatback. Strip steak short loin picanha pig turducken andouille tail, bresaola sirloin. Meatloaf ham pork chop, prosciutto flank t-bone tongue bresaola drumstick ball tip alcatra burgdoggen. Andouille biltong short loin picanha salami tail. Pork loin shoulder pancetta, kevin beef spare ribs salami. Strip steak salami filet mignon, jowl tail ham biltong venison picanha jerky prosciutto boudin pork belly.</p><p>Frankfurter beef tri-tip, short ribs pancetta pork belly kielbasa meatball bacon. Flank pork belly short ribs, bresaola corned beef hamburger salami drumstick chicken cupim. Boudin pork chop meatloaf prosciutto biltong, short loin ham hock ball tip jowl shankle corned beef salami sausage. Flank rump bresaola, cupim pork loin strip steak jowl salami landjaeger short ribs corned beef cow.</p><p>Picanha meatball pancetta short loin leberkas capicola ham hock landjaeger tenderloin jowl. Turkey cow turducken, alcatra fatback shank rump tri-tip pork loin pastrami capicola tail ham sirloin tongue. Ribeye hamburger boudin pork chop tongue pancetta pig turducken sausage. Andouille filet mignon pig tri-tip, fatback cupim ball tip ribeye porchetta flank swine meatloaf kevin. Ground round corned beef boudin pork loin, venison chicken meatloaf ham pork belly alcatra ball tip ham hock picanha porchetta. Pig tri-tip beef ribs shank tongue pork chop cow sirloin porchetta rump kevin sausage short ribs. Ham hock pork chop kevin ground round shank sirloin ham swine filet mignon chicken.</p><p>Tail pork chop rump short ribs, hamburger prosciutto cow biltong pig tenderloin. Corned beef porchetta rump, turkey buffalo tail tenderloin hamburger alcatra t-bone cupim swine prosciutto pastrami. Pork belly picanha t-bone corned beef pork chop. Shank swine brisket pork. Shankle turkey shoulder andouille. Pork loin ribeye spare ribs bresaola, sirloin porchetta andouille cow. Alcatra jowl boudin cow meatball bresaola kevin frankfurter, pork chop beef ribs capicola ground round filet mignon.</p><p>Chicken ribeye bacon, short ribs tongue shoulder ground round picanha bresaola. Tenderloin kevin turducken meatball ground round turkey jerky cupim prosciutto biltong flank. Tail cow chicken pork belly. Ham hock rump corned beef meatloaf.</p></div><div class=\\"anyipsum-form-header\\">Does your lorem ipsum text long for something a little meatier? Give our generator a try&hellip; it&rsquo;s tasty!</div>', NULL, NULL, NULL, '2017-12-06 13:14:00', 1, '2017-12-06 13:14:59', '2018-01-25 01:25:10'),
(2, 1, 1, 'Sample Post - Featured Image', 'Sample Post - Featured Image', 'sample-post-featured-image', '<div class=\\"anyipsum-output\\"><p>Bacon ipsum dolor amet shoulder sausage porchetta frankfurter venison meatloaf kielbasa ham hock. Tail kielbasa bresaola pig pork loin, salami turkey shank cupim fatback. Strip steak short loin picanha pig turducken andouille tail, bresaola sirloin. Meatloaf ham pork chop, prosciutto flank t-bone tongue bresaola drumstick ball tip alcatra burgdoggen. Andouille biltong short loin picanha salami tail. Pork loin shoulder pancetta, kevin beef spare ribs salami. Strip steak salami filet mignon, jowl tail ham biltong venison picanha jerky prosciutto boudin pork belly.</p><p>Frankfurter beef tri-tip, short ribs pancetta pork belly kielbasa meatball bacon. Flank pork belly short ribs, bresaola corned beef hamburger salami drumstick chicken cupim. Boudin pork chop meatloaf prosciutto biltong, short loin ham hock ball tip jowl shankle corned beef salami sausage. Flank rump bresaola, cupim pork loin strip steak jowl salami landjaeger short ribs corned beef cow.</p><p>Picanha meatball pancetta short loin leberkas capicola ham hock landjaeger tenderloin jowl. Turkey cow turducken, alcatra fatback shank rump tri-tip pork loin pastrami capicola tail ham sirloin tongue. Ribeye hamburger boudin pork chop tongue pancetta pig turducken sausage. Andouille filet mignon pig tri-tip, fatback cupim ball tip ribeye porchetta flank swine meatloaf kevin. Ground round corned beef boudin pork loin, venison chicken meatloaf ham pork belly alcatra ball tip ham hock picanha porchetta. Pig tri-tip beef ribs shank tongue pork chop cow sirloin porchetta rump kevin sausage short ribs. Ham hock pork chop kevin ground round shank sirloin ham swine filet mignon chicken.</p><p>Tail pork chop rump short ribs, hamburger prosciutto cow biltong pig tenderloin. Corned beef porchetta rump, turkey buffalo tail tenderloin hamburger alcatra t-bone cupim swine prosciutto pastrami. Pork belly picanha t-bone corned beef pork chop. Shank swine brisket pork. Shankle turkey shoulder andouille. Pork loin ribeye spare ribs bresaola, sirloin porchetta andouille cow. Alcatra jowl boudin cow meatball bresaola kevin frankfurter, pork chop beef ribs capicola ground round filet mignon.</p><p>Chicken ribeye bacon, short ribs tongue shoulder ground round picanha bresaola. Tenderloin kevin turducken meatball ground round turkey jerky cupim prosciutto biltong flank. Tail cow chicken pork belly. Ham hock rump corned beef meatloaf.</p></div><div class=\\"anyipsum-form-header\\">Does your lorem ipsum text long for something a little meatier? Give our generator a try&hellip; it&rsquo;s tasty!</div>', 'https://baconmockup.com/1200/630', NULL, NULL, '2017-12-06 13:18:00', 1, '2017-12-06 13:19:25', '2018-01-25 01:25:04'),
(3, 1, 1, 'Sample Post - Featured Video', 'Sample Post - Featured Video', 'sample-post-featured-video', '<p>Bacon ipsum dolor amet pancetta short loin picanha drumstick, hamburger beef ribs doner shoulder frankfurter sirloin biltong kielbasa pastrami prosciutto. Boudin cupim burgdoggen, flank ground round shank turkey shankle tail kevin landjaeger. Filet mignon leberkas tongue pig biltong. Venison tri-tip buffalo kielbasa tail leberkas, flank brisket pastrami andouille.</p><p>Shankle rump ground round, pork burgdoggen bresaola spare ribs bacon pork chop cow sausage. Pastrami pork loin kielbasa frankfurter bacon fatback tri-tip swine turducken sirloin. Meatloaf tongue ball tip beef ribs doner fatback rump hamburger pig corned beef kevin meatball buffalo jerky spare ribs. Meatball biltong beef shoulder alcatra sausage swine pork loin tail chicken. Tongue ham hock flank swine beef ribs porchetta pancetta landjaeger strip steak pork loin fatback jerky meatball spare ribs.</p><p>Tail strip steak ham jowl kevin doner shoulder pig shank swine drumstick frankfurter. Bacon drumstick pork belly ribeye andouille sausage tri-tip cow fatback. Filet mignon pig jerky strip steak bresaola meatball brisket beef ribs tail burgdoggen sausage tenderloin t-bone. Andouille landjaeger tri-tip, pork chop chicken t-bone boudin. Kevin ball tip boudin t-bone pork. Short loin jerky pork loin chicken buffalo.</p><p>Burgdoggen capicola sausage pig, frankfurter prosciutto turkey andouille. Pig leberkas short loin tri-tip frankfurter. Landjaeger chuck t-bone, ham kevin strip steak short ribs. Shank flank tail turducken. Meatball jowl pastrami ham hock sirloin kielbasa hamburger. Pig shank bacon pork chop rump fatback.</p><p>Venison shoulder beef ribs, strip steak t-bone tenderloin ground round brisket shankle pork belly. Jowl sausage shankle chuck, rump short ribs short loin. Prosciutto kevin brisket, andouille short loin sausage cow hamburger pancetta shankle capicola strip steak. Ball tip ground round burgdoggen turducken bacon flank, landjaeger leberkas shank short ribs beef swine cupim jerky biltong. Doner t-bone sirloin picanha. Cow boudin filet mignon salami, leberkas kevin ham hock burgdoggen meatloaf beef drumstick sirloin fatback venison. Tenderloin ham boudin rump frankfurter tail pork chop ground round pig landjaeger pastrami tongue flank tri-tip beef.</p>', NULL, 'youtube', '1bSDtlARvPI', '2017-12-06 14:50:00', 1, '2017-12-06 14:50:53', '2018-01-25 01:23:01');

-- 
-- Dumping data for table config
--
INSERT INTO config VALUES
(1, 1, 1, 'timezone', 'Site Timezone', 'America/Los_Angeles', '2018-02-10 10:39:02', '2018-02-10 10:39:02'),
(2, 1, 2, 'site-name', 'Site Name', 'Dappur', '2018-02-10 10:39:02', '2018-02-10 10:39:02'),
(3, 1, 2, 'domain', 'Site Domain', 'example.com', '2018-02-10 10:39:02', '2018-02-10 10:39:02'),
(4, 1, 2, 'support-email', 'Support Email', 'support@example.com', '2018-02-10 10:39:02', '2018-02-10 10:39:02'),
(5, 1, 2, 'from-email', 'From Email', 'noreply@example.com', '2018-02-10 10:39:02', '2018-02-10 10:39:02'),
(6, 1, 3, 'theme', 'Site Theme', 'dappur', '2018-02-10 10:39:02', '2018-02-10 10:39:02'),
(7, 1, 4, 'bootswatch', 'Site Bootswatch', 'cerulean', '2018-02-10 10:39:02', '2018-02-10 10:39:02'),
(8, 1, 5, 'logo', 'Site Logo', 'https://res.cloudinary.com/dappur/image/upload/c_scale,w_600/v1479072913/site-images/logo-horizontal.png', '2018-02-10 10:39:02', '2018-02-10 10:39:02'),
(9, 1, 5, 'header-logo', 'Header Logo', 'https://res.cloudinary.com/dappur/image/upload/c_scale,h_75/v1479072913/site-images/logo-horizontal.png', '2018-02-10 10:39:02', '2018-02-10 10:39:02'),
(10, 2, 3, 'dashboard-theme', 'Dashboard Theme', 'dashboard', '2018-02-10 10:39:02', '2018-02-10 10:39:02'),
(11, 2, 4, 'dashboard-bootswatch', 'Dashboard Bootswatch', 'slate', '2018-02-10 10:39:02', '2018-02-10 10:39:02'),
(12, 2, 5, 'dashboard-logo', 'Dashboard Logo', 'https://res.cloudinary.com/dappur/image/upload/c_scale,h_75/v1479072913/site-images/logo-horizontal.png', '2018-02-10 10:39:02', '2018-02-10 10:39:02'),
(13, 1, 2, 'ga', 'Google Analytics UA', '', '2018-02-10 10:39:02', '2018-02-10 10:39:02'),
(14, 1, 6, 'activation', 'Activation Required', '1', '2018-02-10 10:39:02', '2018-02-10 10:39:02'),
(15, 1, 6, 'maintenance-mode', 'Maintenance Mode', '0', '2018-02-10 10:39:02', '2018-02-10 10:39:02'),
(16, 1, 2, 'privacy-service', 'Privacy Service Statement', 'SERVICE', '2018-02-10 10:39:02', '2018-02-10 10:39:02'),
(17, 1, 2, 'error-email', 'Email Errors To', '', '2018-02-10 10:39:02', '2018-02-10 10:39:02'),
(18, 3, 2, 'contact-email', 'Contact Email', 'contact@example.com', '2018-02-10 10:39:02', '2018-02-10 10:39:02'),
(19, 3, 2, 'contact-phone', 'Contact Phone', '(000) 000-0000', '2018-02-10 10:39:02', '2018-02-10 10:39:02'),
(20, 3, 2, 'contact-street', 'Contact Street', '123 Harbor Blvd.', '2018-02-10 10:39:02', '2018-02-10 10:39:02'),
(21, 3, 2, 'contact-city', 'Contact City', 'Oxnard', '2018-02-10 10:39:02', '2018-02-10 10:39:02'),
(22, 3, 2, 'contact-state', 'Contact State', 'CA', '2018-02-10 10:39:02', '2018-02-10 10:39:02'),
(23, 3, 2, 'contact-zip', 'Contact Zip', '93035', '2018-02-10 10:39:02', '2018-02-10 10:39:02'),
(24, 3, 2, 'contact-country', 'Contact Country', 'USA', '2018-02-10 10:39:02', '2018-02-10 10:39:02'),
(25, 3, 2, 'contact-map-url', 'Map Iframe Url', 'https://goo.gl/oDcRix', '2018-02-10 10:39:02', '2018-02-10 10:39:02'),
(26, 3, 6, 'contact-map-show', 'Show Map', '1', '2018-02-10 10:39:02', '2018-02-10 10:39:02'),
(27, 3, 6, 'contact-send-email', 'Send Confirmation Email', '1', '2018-02-10 10:39:02', '2018-02-10 10:39:02'),
(28, 4, 7, 'home-paragraph', 'Home Page Paragraph', '<p>Bacon ipsum dolor amet turducken venison short loin meatloaf bresaola bacon chuck tongue fatback flank picanha shankle pastrami rump. Short loin bresaola leberkas, ball tip filet mignon pork chop ground round flank chuck burgdoggen meatloaf andouille frankfurter venison turkey. Leberkas doner kevin picanha shank beef brisket drumstick pastrami jowl turducken burgdoggen ground round pork chop bacon. Pastrami hamburger tenderloin chicken sausage tail pork chop chuck ground round kielbasa sirloin burgdoggen jerky brisket.</p><p>Andouille ribeye corned beef filet mignon rump brisket. Pancetta meatball doner, fatback ham beef shank picanha pork belly ground round shoulder kielbasa. Tenderloin fatback ham beef ribs t-bone, brisket chicken. Ground round kielbasa beef beef ribs, capicola jerky sirloin fatback meatloaf cupim ham.</p><p>Corned beef picanha ground round burgdoggen, pork belly shoulder tongue pork loin doner. Kevin sausage pork loin strip steak salami. Boudin frankfurter shankle tongue drumstick strip steak sirloin salami leberkas. Chicken brisket bacon pork turducken t-bone. Shank meatloaf alcatra, landjaeger sausage venison picanha. Spare ribs porchetta drumstick ham hock jowl, ball tip pancetta tenderloin rump.</p>', '2018-02-10 10:39:02', '2018-02-10 10:39:02'),
(29, 5, 6, 'blog-enabled', 'Enable Blog', '1', '2018-02-10 10:39:06', '2018-02-10 10:39:06'),
(30, 5, 2, 'blog-per-page', 'Blog Posts Per Page', '2', '2018-02-10 10:39:06', '2018-02-10 10:39:06'),
(31, 5, 6, 'blog-approve-comments', 'Approve Comments', '1', '2018-02-10 10:39:06', '2018-02-10 10:39:06');

-- 
-- Dumping data for table emails
--

-- Table framework.emails does not contain any data (it is empty)

-- 
-- Dumping data for table persistences
--

-- Table framework.persistences does not contain any data (it is empty)

-- 
-- Dumping data for table reminders
--

-- Table framework.reminders does not contain any data (it is empty)

-- 
-- Dumping data for table role_users
--
INSERT INTO role_users VALUES
(1, 1, '2018-02-10 10:39:02', '2018-02-10 10:39:02'),
(1, 2, '2018-02-10 10:39:02', '2018-02-10 10:39:02');

-- 
-- Dumping data for table throttle
--

-- Table framework.throttle does not contain any data (it is empty)

-- 
-- Dumping data for table users_profile
--
INSERT INTO users_profile VALUES
(1, 1, 'Tail pork chop rump short ribs, hamburger prosciutto cow biltong pig tenderloin. Corned beef porchetta rump, turkey buffalo tail tenderloin hamburger alcatra t-bone cupim swine prosciutto pastrami. Pork belly picanha t-bone corned beef pork chop. Shank swine brisket pork. Shankle turkey shoulder andouille.', '2018-02-10 10:39:06', '2018-02-10 10:39:06');

-- 
-- Dumping data for table blog_posts_comments
--
INSERT INTO blog_posts_comments VALUES
(1, 1, 3, 'This is a sample comment.', 1, '2018-02-10 10:39:06', '2018-02-10 10:39:06'),
(2, 1, 3, 'This is a sample pending comment.', 0, '2018-02-10 10:39:06', '2018-02-10 10:39:06');

-- 
-- Dumping data for table blog_posts_tags
--
INSERT INTO blog_posts_tags VALUES
(1, 1, '2018-02-10 10:39:06', '2018-02-10 10:39:06'),
(2, 1, '2018-02-10 10:39:06', '2018-02-10 10:39:06'),
(3, 1, '2018-02-10 10:39:06', '2018-02-10 10:39:06');

-- 
-- Dumping data for table blog_posts_replies
--
INSERT INTO blog_posts_replies VALUES
(1, 1, 1, 'This is a sample reply.', 1, '2018-02-10 10:39:06', '2018-02-10 10:39:06'),
(2, 1, 1, 'This is a sample pending reply.', 0, '2018-02-10 10:39:06', '2018-02-10 10:39:06');

-- 
-- Restore previous SQL mode
-- 
/*!40101 SET SQL_MODE=@OLD_SQL_MODE */;

-- 
-- Enable foreign keys
-- 
/*!40014 SET FOREIGN_KEY_CHECKS=@OLD_FOREIGN_KEY_CHECKS */;